Spell_Primary_Diagnosis,falls_count,ICD10_L4_Code,ICD10_L4_Desc,ICD10_L3_Code,ICD10_L3_Desc,ICD10_L2_Code,ICD10_L2_Desc,ICD10_L1_Code,ICD10_L1_Desc,ICD10_Chapter_No,ICD10_Chapter_Code,ICD10_Chapter_Desc,ICD10_Usage,ICD10_Version,ICD10_Status,ICD10_Valid_From,ICD10_Valid_To
W099,1,W099,W099: Fall involving playground equipment: Unspecified place,W00-W19,W00-W19: Falls,W00-X59,W00-X59: Other external causes of accidental injury,V01-X59,V01-X59: Accidents,20,XX,XX: External causes of morbidity and mortality,Default,ICD10 5th Edition,Live,2016-04-01 00:00:00,
W100,1,W100,W100: Fall on and from stairs and steps: Home,W00-W19,W00-W19: Falls,W00-X59,W00-X59: Other external causes of accidental injury,V01-X59,V01-X59: Accidents,20,XX,XX: External causes of morbidity and mortality,Default,ICD10 5th Edition,Live,2016-04-01 00:00:00,
W109,2,W109,W109: Fall on and from stairs and steps: Unspecified place,W00-W19,W00-W19: Falls,W00-X59,W00-X59: Other external causes of accidental injury,V01-X59,V01-X59: Accidents,20,XX,XX: External causes of morbidity and mortality,Default,ICD10 5th Edition,Live,2016-04-01 00:00:00,
S422,982,S422,S422: Fracture of upper end of humerus,S40-S49,S40-S49: Injuries to the shoulder and upper arm,S40-S49,S40-S49: Injuries to the shoulder and upper arm,S40-S49,S40-S49: Injuries to the shoulder and upper arm,19,XIX,"XIX: Injury, poisoning and certain other consequences of external causes",Default,ICD10 5th Edition,Live,2016-04-01 00:00:00,
S4220,50716,S4220,S4220: Fracture of upper end of humerus: closed,S40-S49,S40-S49: Injuries to the shoulder and upper arm,S40-S49,S40-S49: Injuries to the shoulder and upper arm,S40-S49,S40-S49: Injuries to the shoulder and upper arm,19,XIX,"XIX: Injury, poisoning and certain other consequences of external causes",Default,ICD10 5th Edition,Live,2016-04-01 00:00:00,
S4221,237,S4221,S4221: Fracture of upper end of humerus: open,S40-S49,S40-S49: Injuries to the shoulder and upper arm,S40-S49,S40-S49: Injuries to the shoulder and upper arm,S40-S49,S40-S49: Injuries to the shoulder and upper arm,19,XIX,"XIX: Injury, poisoning and certain other consequences of external causes",Default,ICD10 5th Edition,Live,2016-04-01 00:00:00,
S423,195,S423,S423: Fracture of shaft of humerus,S40-S49,S40-S49: Injuries to the shoulder and upper arm,S40-S49,S40-S49: Injuries to the shoulder and upper arm,S40-S49,S40-S49: Injuries to the shoulder and upper arm,19,XIX,"XIX: Injury, poisoning and certain other consequences of external causes",Default,ICD10 5th Edition,Live,2016-04-01 00:00:00,
S4230,8380,S4230,S4230: Fracture of shaft of humerus: closed,S40-S49,S40-S49: Injuries to the shoulder and upper arm,S40-S49,S40-S49: Injuries to the shoulder and upper arm,S40-S49,S40-S49: Injuries to the shoulder and upper arm,19,XIX,"XIX: Injury, poisoning and certain other consequences of external causes",Default,ICD10 5th Edition,Live,2016-04-01 00:00:00,
S4231,248,S4231,S4231: Fracture of shaft of humerus: open,S40-S49,S40-S49: Injuries to the shoulder and upper arm,S40-S49,S40-S49: Injuries to the shoulder and upper arm,S40-S49,S40-S49: Injuries to the shoulder and upper arm,19,XIX,"XIX: Injury, poisoning and certain other consequences of external causes",Default,ICD10 5th Edition,Live,2016-04-01 00:00:00,
S424,171,S424,S424: Fracture of lower end of humerus,S40-S49,S40-S49: Injuries to the shoulder and upper arm,S40-S49,S40-S49: Injuries to the shoulder and upper arm,S40-S49,S40-S49: Injuries to the shoulder and upper arm,19,XIX,"XIX: Injury, poisoning and certain other consequences of external causes",Default,ICD10 5th Edition,Live,2016-04-01 00:00:00,
S529,2,S529,"S529: Fracture of forearm, part unspecified",S50-S59,S50-S59: Injuries to the elbow and forearm,S50-S59,S50-S59: Injuries to the elbow and forearm,S50-S59,S50-S59: Injuries to the elbow and forearm,19,XIX,"XIX: Injury, poisoning and certain other consequences of external causes",Default,ICD10 5th Edition,Live,2016-04-01 00:00:00,
S520,189,S520,S520: Fracture of upper end of ulna,S50-S59,S50-S59: Injuries to the elbow and forearm,S50-S59,S50-S59: Injuries to the elbow and forearm,S50-S59,S50-S59: Injuries to the elbow and forearm,19,XIX,"XIX: Injury, poisoning and certain other consequences of external causes",Default,ICD10 5th Edition,Live,2016-04-01 00:00:00,
S5200,8373,S5200,S5200: Fracture of upper end of ulna: closed,S50-S59,S50-S59: Injuries to the elbow and forearm,S50-S59,S50-S59: Injuries to the elbow and forearm,S50-S59,S50-S59: Injuries to the elbow and forearm,19,XIX,"XIX: Injury, poisoning and certain other consequences of external causes",Default,ICD10 5th Edition,Live,2016-04-01 00:00:00,
S5201,918,S5201,S5201: Fracture of upper end of ulna: open,S50-S59,S50-S59: Injuries to the elbow and forearm,S50-S59,S50-S59: Injuries to the elbow and forearm,S50-S59,S50-S59: Injuries to the elbow and forearm,19,XIX,"XIX: Injury, poisoning and certain other consequences of external causes",Default,ICD10 5th Edition,Live,2016-04-01 00:00:00,
S521,61,S521,S521: Fracture of upper end of radius,S50-S59,S50-S59: Injuries to the elbow and forearm,S50-S59,S50-S59: Injuries to the elbow and forearm,S50-S59,S50-S59: Injuries to the elbow and forearm,19,XIX,"XIX: Injury, poisoning and certain other consequences of external causes",Default,ICD10 5th Edition,Live,2016-04-01 00:00:00,
S5210,2664,S5210,S5210: Fracture of upper end of radius: closed,S50-S59,S50-S59: Injuries to the elbow and forearm,S50-S59,S50-S59: Injuries to the elbow and forearm,S50-S59,S50-S59: Injuries to the elbow and forearm,19,XIX,"XIX: Injury, poisoning and certain other consequences of external causes",Default,ICD10 5th Edition,Live,2016-04-01 00:00:00,
S5211,60,S5211,S5211: Fracture of upper end of radius: open,S50-S59,S50-S59: Injuries to the elbow and forearm,S50-S59,S50-S59: Injuries to the elbow and forearm,S50-S59,S50-S59: Injuries to the elbow and forearm,19,XIX,"XIX: Injury, poisoning and certain other consequences of external causes",Default,ICD10 5th Edition,Live,2016-04-01 00:00:00,
S522,16,S522,S522: Fracture of shaft of ulna,S50-S59,S50-S59: Injuries to the elbow and forearm,S50-S59,S50-S59: Injuries to the elbow and forearm,S50-S59,S50-S59: Injuries to the elbow and forearm,19,XIX,"XIX: Injury, poisoning and certain other consequences of external causes",Default,ICD10 5th Edition,Live,2016-04-01 00:00:00,
S5220,723,S5220,S5220: Fracture of shaft of ulna: closed,S50-S59,S50-S59: Injuries to the elbow and forearm,S50-S59,S50-S59: Injuries to the elbow and forearm,S50-S59,S50-S59: Injuries to the elbow and forearm,19,XIX,"XIX: Injury, poisoning and certain other consequences of external causes",Default,ICD10 5th Edition,Live,2016-04-01 00:00:00,
S5221,78,S5221,S5221: Fracture of shaft of ulna: open,S50-S59,S50-S59: Injuries to the elbow and forearm,S50-S59,S50-S59: Injuries to the elbow and forearm,S50-S59,S50-S59: Injuries to the elbow and forearm,19,XIX,"XIX: Injury, poisoning and certain other consequences of external causes",Default,ICD10 5th Edition,Live,2016-04-01 00:00:00,
S523,16,S523,S523: Fracture of shaft of radius,S50-S59,S50-S59: Injuries to the elbow and forearm,S50-S59,S50-S59: Injuries to the elbow and forearm,S50-S59,S50-S59: Injuries to the elbow and forearm,19,XIX,"XIX: Injury, poisoning and certain other consequences of external causes",Default,ICD10 5th Edition,Live,2016-04-01 00:00:00,
S5230,348,S5230,S5230: Fracture of shaft of radius: closed,S50-S59,S50-S59: Injuries to the elbow and forearm,S50-S59,S50-S59: Injuries to the elbow and forearm,S50-S59,S50-S59: Injuries to the elbow and forearm,19,XIX,"XIX: Injury, poisoning and certain other consequences of external causes",Default,ICD10 5th Edition,Live,2016-04-01 00:00:00,
S5231,33,S5231,S5231: Fracture of shaft of radius: open,S50-S59,S50-S59: Injuries to the elbow and forearm,S50-S59,S50-S59: Injuries to the elbow and forearm,S50-S59,S50-S59: Injuries to the elbow and forearm,19,XIX,"XIX: Injury, poisoning and certain other consequences of external causes",Default,ICD10 5th Edition,Live,2016-04-01 00:00:00,
S524,9,S524,S524: Fracture of shafts of both ulna and radius,S50-S59,S50-S59: Injuries to the elbow and forearm,S50-S59,S50-S59: Injuries to the elbow and forearm,S50-S59,S50-S59: Injuries to the elbow and forearm,19,XIX,"XIX: Injury, poisoning and certain other consequences of external causes",Default,ICD10 5th Edition,Live,2016-04-01 00:00:00,
S5240,610,S5240,S5240: Fracture of shafts of both ulna and radius: closed,S50-S59,S50-S59: Injuries to the elbow and forearm,S50-S59,S50-S59: Injuries to the elbow and forearm,S50-S59,S50-S59: Injuries to the elbow and forearm,19,XIX,"XIX: Injury, poisoning and certain other consequences of external causes",Default,ICD10 5th Edition,Live,2016-04-01 00:00:00,
S5241,137,S5241,S5241: Fracture of shafts of both ulna and radius: open,S50-S59,S50-S59: Injuries to the elbow and forearm,S50-S59,S50-S59: Injuries to the elbow and forearm,S50-S59,S50-S59: Injuries to the elbow and forearm,19,XIX,"XIX: Injury, poisoning and certain other consequences of external causes",Default,ICD10 5th Edition,Live,2016-04-01 00:00:00,
S525,635,S525,S525: Fracture of lower end of radius,S50-S59,S50-S59: Injuries to the elbow and forearm,S50-S59,S50-S59: Injuries to the elbow and forearm,S50-S59,S50-S59: Injuries to the elbow and forearm,19,XIX,"XIX: Injury, poisoning and certain other consequences of external causes",Default,ICD10 5th Edition,Live,2016-04-01 00:00:00,
S5250,36717,S5250,S5250: Fracture of lower end of radius: closed,S50-S59,S50-S59: Injuries to the elbow and forearm,S50-S59,S50-S59: Injuries to the elbow and forearm,S50-S59,S50-S59: Injuries to the elbow and forearm,19,XIX,"XIX: Injury, poisoning and certain other consequences of external causes",Default,ICD10 5th Edition,Live,2016-04-01 00:00:00,
S5251,1077,S5251,S5251: Fracture of lower end of radius: open,S50-S59,S50-S59: Injuries to the elbow and forearm,S50-S59,S50-S59: Injuries to the elbow and forearm,S50-S59,S50-S59: Injuries to the elbow and forearm,19,XIX,"XIX: Injury, poisoning and certain other consequences of external causes",Default,ICD10 5th Edition,Live,2016-04-01 00:00:00,
S526,379,S526,S526: Fracture of lower end of both ulna and radius,S50-S59,S50-S59: Injuries to the elbow and forearm,S50-S59,S50-S59: Injuries to the elbow and forearm,S50-S59,S50-S59: Injuries to the elbow and forearm,19,XIX,"XIX: Injury, poisoning and certain other consequences of external causes",Default,ICD10 5th Edition,Live,2016-04-01 00:00:00,
S5260,14502,S5260,S5260: Fracture of lower end of both ulna and radius: closed,S50-S59,S50-S59: Injuries to the elbow and forearm,S50-S59,S50-S59: Injuries to the elbow and forearm,S50-S59,S50-S59: Injuries to the elbow and forearm,19,XIX,"XIX: Injury, poisoning and certain other consequences of external causes",Default,ICD10 5th Edition,Live,2016-04-01 00:00:00,
S5261,2452,S5261,S5261: Fracture of lower end of both ulna and radius: open,S50-S59,S50-S59: Injuries to the elbow and forearm,S50-S59,S50-S59: Injuries to the elbow and forearm,S50-S59,S50-S59: Injuries to the elbow and forearm,19,XIX,"XIX: Injury, poisoning and certain other consequences of external causes",Default,ICD10 5th Edition,Live,2016-04-01 00:00:00,
S527,38,S527,S527: Multiple fractures of forearm,S50-S59,S50-S59: Injuries to the elbow and forearm,S50-S59,S50-S59: Injuries to the elbow and forearm,S50-S59,S50-S59: Injuries to the elbow and forearm,19,XIX,"XIX: Injury, poisoning and certain other consequences of external causes",Default,ICD10 5th Edition,Live,2016-04-01 00:00:00,
S5270,1089,S5270,S5270: Multiple fractures of forearm: closed,S50-S59,S50-S59: Injuries to the elbow and forearm,S50-S59,S50-S59: Injuries to the elbow and forearm,S50-S59,S50-S59: Injuries to the elbow and forearm,19,XIX,"XIX: Injury, poisoning and certain other consequences of external causes",Default,ICD10 5th Edition,Live,2016-04-01 00:00:00,
S5271,81,S5271,S5271: Multiple fractures of forearm: open,S50-S59,S50-S59: Injuries to the elbow and forearm,S50-S59,S50-S59: Injuries to the elbow and forearm,S50-S59,S50-S59: Injuries to the elbow and forearm,19,XIX,"XIX: Injury, poisoning and certain other consequences of external causes",Default,ICD10 5th Edition,Live,2016-04-01 00:00:00,
S528,61,S528,S528: Fracture of other parts of forearm,S50-S59,S50-S59: Injuries to the elbow and forearm,S50-S59,S50-S59: Injuries to the elbow and forearm,S50-S59,S50-S59: Injuries to the elbow and forearm,19,XIX,"XIX: Injury, poisoning and certain other consequences of external causes",Default,ICD10 5th Edition,Live,2016-04-01 00:00:00,
S5280,1868,S5280,S5280: Fracture of other parts of forearm: closed,S50-S59,S50-S59: Injuries to the elbow and forearm,S50-S59,S50-S59: Injuries to the elbow and forearm,S50-S59,S50-S59: Injuries to the elbow and forearm,19,XIX,"XIX: Injury, poisoning and certain other consequences of external causes",Default,ICD10 5th Edition,Live,2016-04-01 00:00:00,
S5281,106,S5281,S5281: Fracture of other parts of forearm: open,S50-S59,S50-S59: Injuries to the elbow and forearm,S50-S59,S50-S59: Injuries to the elbow and forearm,S50-S59,S50-S59: Injuries to the elbow and forearm,19,XIX,"XIX: Injury, poisoning and certain other consequences of external causes",Default,ICD10 5th Edition,Live,2016-04-01 00:00:00,
S5290,29,S5290,"S5290: Fracture of forearm, part unspecified: closed",S50-S59,S50-S59: Injuries to the elbow and forearm,S50-S59,S50-S59: Injuries to the elbow and forearm,S50-S59,S50-S59: Injuries to the elbow and forearm,19,XIX,"XIX: Injury, poisoning and certain other consequences of external causes",Default,ICD10 5th Edition,Live,2016-04-01 00:00:00,
S220,440,S220,S220: Fracture of thoracic vertebra,S20-S29,S20-S29: Injuries to the thorax,S20-S29,S20-S29: Injuries to the thorax,S20-S29,S20-S29: Injuries to the thorax,19,XIX,"XIX: Injury, poisoning and certain other consequences of external causes",Default,ICD10 5th Edition,Live,2016-04-01 00:00:00,
S2200,19058,S2200,S2200: Fracture of thoracic vertebra: closed,S20-S29,S20-S29: Injuries to the thorax,S20-S29,S20-S29: Injuries to the thorax,S20-S29,S20-S29: Injuries to the thorax,19,XIX,"XIX: Injury, poisoning and certain other consequences of external causes",Default,ICD10 5th Edition,Live,2016-04-01 00:00:00,
S2201,14,S2201,S2201: Fracture of thoracic vertebra: open,S20-S29,S20-S29: Injuries to the thorax,S20-S29,S20-S29: Injuries to the thorax,S20-S29,S20-S29: Injuries to the thorax,19,XIX,"XIX: Injury, poisoning and certain other consequences of external causes",Default,ICD10 5th Edition,Live,2016-04-01 00:00:00,
S221,90,S221,S221: Multiple fractures of thoracic spine,S20-S29,S20-S29: Injuries to the thorax,S20-S29,S20-S29: Injuries to the thorax,S20-S29,S20-S29: Injuries to the thorax,19,XIX,"XIX: Injury, poisoning and certain other consequences of external causes",Default,ICD10 5th Edition,Live,2016-04-01 00:00:00,
S2210,5609,S2210,S2210: Multiple fractures of thoracic spine: closed,S20-S29,S20-S29: Injuries to the thorax,S20-S29,S20-S29: Injuries to the thorax,S20-S29,S20-S29: Injuries to the thorax,19,XIX,"XIX: Injury, poisoning and certain other consequences of external causes",Default,ICD10 5th Edition,Live,2016-04-01 00:00:00,
S2211,11,S2211,S2211: Multiple fractures of thoracic spine: open,S20-S29,S20-S29: Injuries to the thorax,S20-S29,S20-S29: Injuries to the thorax,S20-S29,S20-S29: Injuries to the thorax,19,XIX,"XIX: Injury, poisoning and certain other consequences of external causes",Default,ICD10 5th Edition,Live,2016-04-01 00:00:00,
M8054,1,M8054,M8054: Idiopathic osteoporosis with pathological fracture: Hand,M80-M85,M80-M85: Disorders of bone density and structure,M80-M85,M80-M85: Disorders of bone density and structure,M80-M94,M80-M94: Osteopathies and chondropathies,13,XIII,XIII: Diseases of the musculoskeletal system and connective tissue,Default,ICD10 5th Edition,Live,2016-04-01 00:00:00,
M8055,17,M8055,M8055: Idiopathic osteoporosis with pathological fracture: Pelvic region and thigh,M80-M85,M80-M85: Disorders of bone density and structure,M80-M85,M80-M85: Disorders of bone density and structure,M80-M94,M80-M94: Osteopathies and chondropathies,13,XIII,XIII: Diseases of the musculoskeletal system and connective tissue,Default,ICD10 5th Edition,Live,2016-04-01 00:00:00,
M8058,34,M8058,M8058: Idiopathic osteoporosis with pathological fracture: Other,M80-M85,M80-M85: Disorders of bone density and structure,M80-M85,M80-M85: Disorders of bone density and structure,M80-M94,M80-M94: Osteopathies and chondropathies,13,XIII,XIII: Diseases of the musculoskeletal system and connective tissue,Default,ICD10 5th Edition,Live,2016-04-01 00:00:00,
M808,30,M808,M808: Other osteoporosis with pathological fracture,M80-M85,M80-M85: Disorders of bone density and structure,M80-M85,M80-M85: Disorders of bone density and structure,M80-M94,M80-M94: Osteopathies and chondropathies,13,XIII,XIII: Diseases of the musculoskeletal system and connective tissue,Default,ICD10 5th Edition,Live,2016-04-01 00:00:00,
M8080,35,M8080,M8080: Other osteoporosis with pathological fracture: Multiple sites,M80-M85,M80-M85: Disorders of bone density and structure,M80-M85,M80-M85: Disorders of bone density and structure,M80-M94,M80-M94: Osteopathies and chondropathies,13,XIII,XIII: Diseases of the musculoskeletal system and connective tissue,Default,ICD10 5th Edition,Live,2016-04-01 00:00:00,
M8081,6,M8081,M8081: Other osteoporosis with pathological fracture: Shoulder region,M80-M85,M80-M85: Disorders of bone density and structure,M80-M85,M80-M85: Disorders of bone density and structure,M80-M94,M80-M94: Osteopathies and chondropathies,13,XIII,XIII: Diseases of the musculoskeletal system and connective tissue,Default,ICD10 5th Edition,Live,2016-04-01 00:00:00,
M8082,4,M8082,M8082: Other osteoporosis with pathological fracture: Upper arm,M80-M85,M80-M85: Disorders of bone density and structure,M80-M85,M80-M85: Disorders of bone density and structure,M80-M94,M80-M94: Osteopathies and chondropathies,13,XIII,XIII: Diseases of the musculoskeletal system and connective tissue,Default,ICD10 5th Edition,Live,2016-04-01 00:00:00,
M8083,4,M8083,M8083: Other osteoporosis with pathological fracture: Forearm,M80-M85,M80-M85: Disorders of bone density and structure,M80-M85,M80-M85: Disorders of bone density and structure,M80-M94,M80-M94: Osteopathies and chondropathies,13,XIII,XIII: Diseases of the musculoskeletal system and connective tissue,Default,ICD10 5th Edition,Live,2016-04-01 00:00:00,
M8085,88,M8085,M8085: Other osteoporosis with pathological fracture: Pelvic region and thigh,M80-M85,M80-M85: Disorders of bone density and structure,M80-M85,M80-M85: Disorders of bone density and structure,M80-M94,M80-M94: Osteopathies and chondropathies,13,XIII,XIII: Diseases of the musculoskeletal system and connective tissue,Default,ICD10 5th Edition,Live,2016-04-01 00:00:00,
M8086,13,M8086,M8086: Other osteoporosis with pathological fracture: Lower leg,M80-M85,M80-M85: Disorders of bone density and structure,M80-M85,M80-M85: Disorders of bone density and structure,M80-M94,M80-M94: Osteopathies and chondropathies,13,XIII,XIII: Diseases of the musculoskeletal system and connective tissue,Default,ICD10 5th Edition,Live,2016-04-01 00:00:00,
M8087,5,M8087,M8087: Other osteoporosis with pathological fracture: Ankle and foot,M80-M85,M80-M85: Disorders of bone density and structure,M80-M85,M80-M85: Disorders of bone density and structure,M80-M94,M80-M94: Osteopathies and chondropathies,13,XIII,XIII: Diseases of the musculoskeletal system and connective tissue,Default,ICD10 5th Edition,Live,2016-04-01 00:00:00,
M8088,527,M8088,M8088: Other osteoporosis with pathological fracture: Other,M80-M85,M80-M85: Disorders of bone density and structure,M80-M85,M80-M85: Disorders of bone density and structure,M80-M94,M80-M94: Osteopathies and chondropathies,13,XIII,XIII: Diseases of the musculoskeletal system and connective tissue,Default,ICD10 5th Edition,Live,2016-04-01 00:00:00,
M809,470,M809,M809: Unspecified osteoporosis with pathological fracture,M80-M85,M80-M85: Disorders of bone density and structure,M80-M85,M80-M85: Disorders of bone density and structure,M80-M94,M80-M94: Osteopathies and chondropathies,13,XIII,XIII: Diseases of the musculoskeletal system and connective tissue,Default,ICD10 5th Edition,Live,2016-04-01 00:00:00,
M8090,927,M8090,M8090: Unspecified osteoporosis with pathological fracture: Multiple sites,M80-M85,M80-M85: Disorders of bone density and structure,M80-M85,M80-M85: Disorders of bone density and structure,M80-M94,M80-M94: Osteopathies and chondropathies,13,XIII,XIII: Diseases of the musculoskeletal system and connective tissue,Default,ICD10 5th Edition,Live,2016-04-01 00:00:00,
M8091,56,M8091,M8091: Unspecified osteoporosis with pathological fracture: Shoulder region,M80-M85,M80-M85: Disorders of bone density and structure,M80-M85,M80-M85: Disorders of bone density and structure,M80-M94,M80-M94: Osteopathies and chondropathies,13,XIII,XIII: Diseases of the musculoskeletal system and connective tissue,Default,ICD10 5th Edition,Live,2016-04-01 00:00:00,
W180,3,W180,W180: Other fall on same level: Home,W00-W19,W00-W19: Falls,W00-X59,W00-X59: Other external causes of accidental injury,V01-X59,V01-X59: Accidents,20,XX,XX: External causes of morbidity and mortality,Default,ICD10 5th Edition,Live,2016-04-01 00:00:00,
W181,1,W181,W181: Other fall on same level: Residential institution,W00-W19,W00-W19: Falls,W00-X59,W00-X59: Other external causes of accidental injury,V01-X59,V01-X59: Accidents,20,XX,XX: External causes of morbidity and mortality,Default,ICD10 5th Edition,Live,2016-04-01 00:00:00,
W185,1,W185,W185: Other fall on same level: Trade and service area,W00-W19,W00-W19: Falls,W00-X59,W00-X59: Other external causes of accidental injury,V01-X59,V01-X59: Accidents,20,XX,XX: External causes of morbidity and mortality,Default,ICD10 5th Edition,Live,2016-04-01 00:00:00,
W188,1,W188,W188: Other fall on same level: Other specified places,W00-W19,W00-W19: Falls,W00-X59,W00-X59: Other external causes of accidental injury,V01-X59,V01-X59: Accidents,20,XX,XX: External causes of morbidity and mortality,Default,ICD10 5th Edition,Live,2016-04-01 00:00:00,
W189,4,W189,W189: Other fall on same level: Unspecified place,W00-W19,W00-W19: Falls,W00-X59,W00-X59: Other external causes of accidental injury,V01-X59,V01-X59: Accidents,20,XX,XX: External causes of morbidity and mortality,Default,ICD10 5th Edition,Live,2016-04-01 00:00:00,
W190,49,W190,W190: Unspecified fall: Home,W00-W19,W00-W19: Falls,W00-X59,W00-X59: Other external causes of accidental injury,V01-X59,V01-X59: Accidents,20,XX,XX: External causes of morbidity and mortality,Default,ICD10 5th Edition,Live,2016-04-01 00:00:00,
W196,2,W196,W196: Unspecified fall: Industrial and construction area,W00-W19,W00-W19: Falls,W00-X59,W00-X59: Other external causes of accidental injury,V01-X59,V01-X59: Accidents,20,XX,XX: External causes of morbidity and mortality,Default,ICD10 5th Edition,Live,2016-04-01 00:00:00,
W199,43,W199,W199: Unspecified fall: Unspecified place,W00-W19,W00-W19: Falls,W00-X59,W00-X59: Other external causes of accidental injury,V01-X59,V01-X59: Accidents,20,XX,XX: External causes of morbidity and mortality,Default,ICD10 5th Edition,Live,2016-04-01 00:00:00,
M8025,6,M8025,M8025: Osteoporosis of disuse with pathological fracture: Pelvic region and thigh,M80-M85,M80-M85: Disorders of bone density and structure,M80-M85,M80-M85: Disorders of bone density and structure,M80-M94,M80-M94: Osteopathies and chondropathies,13,XIII,XIII: Diseases of the musculoskeletal system and connective tissue,Default,ICD10 5th Edition,Live,2016-04-01 00:00:00,
M8026,2,M8026,M8026: Osteoporosis of disuse with pathological fracture: Lower leg,M80-M85,M80-M85: Disorders of bone density and structure,M80-M85,M80-M85: Disorders of bone density and structure,M80-M94,M80-M94: Osteopathies and chondropathies,13,XIII,XIII: Diseases of the musculoskeletal system and connective tissue,Default,ICD10 5th Edition,Live,2016-04-01 00:00:00,
M8027,1,M8027,M8027: Osteoporosis of disuse with pathological fracture: Ankle and foot,M80-M85,M80-M85: Disorders of bone density and structure,M80-M85,M80-M85: Disorders of bone density and structure,M80-M94,M80-M94: Osteopathies and chondropathies,13,XIII,XIII: Diseases of the musculoskeletal system and connective tissue,Default,ICD10 5th Edition,Live,2016-04-01 00:00:00,
M8028,50,M8028,M8028: Osteoporosis of disuse with pathological fracture: Other,M80-M85,M80-M85: Disorders of bone density and structure,M80-M85,M80-M85: Disorders of bone density and structure,M80-M94,M80-M94: Osteopathies and chondropathies,13,XIII,XIII: Diseases of the musculoskeletal system and connective tissue,Default,ICD10 5th Edition,Live,2016-04-01 00:00:00,
M8029,2,M8029,M8029: Osteoporosis of disuse with pathological fracture: Site unspecified,M80-M85,M80-M85: Disorders of bone density and structure,M80-M85,M80-M85: Disorders of bone density and structure,M80-M94,M80-M94: Osteopathies and chondropathies,13,XIII,XIII: Diseases of the musculoskeletal system and connective tissue,Default,ICD10 5th Edition,Live,2016-04-01 00:00:00,
M8035,1,M8035,M8035: Postsurgical malabsorption osteoporosis with pathological fracture: Pelvic region and thigh,M80-M85,M80-M85: Disorders of bone density and structure,M80-M85,M80-M85: Disorders of bone density and structure,M80-M94,M80-M94: Osteopathies and chondropathies,13,XIII,XIII: Diseases of the musculoskeletal system and connective tissue,Default,ICD10 5th Edition,Live,2016-04-01 00:00:00,
M804,8,M804,M804: Drug-induced osteoporosis with pathological fracture,M80-M85,M80-M85: Disorders of bone density and structure,M80-M85,M80-M85: Disorders of bone density and structure,M80-M94,M80-M94: Osteopathies and chondropathies,13,XIII,XIII: Diseases of the musculoskeletal system and connective tissue,Default,ICD10 5th Edition,Live,2016-04-01 00:00:00,
M8040,5,M8040,M8040: Drug-induced osteoporosis with pathological fracture: Multiple sites,M80-M85,M80-M85: Disorders of bone density and structure,M80-M85,M80-M85: Disorders of bone density and structure,M80-M94,M80-M94: Osteopathies and chondropathies,13,XIII,XIII: Diseases of the musculoskeletal system and connective tissue,Default,ICD10 5th Edition,Live,2016-04-01 00:00:00,
M8041,2,M8041,M8041: Drug-induced osteoporosis with pathological fracture: Shoulder region,M80-M85,M80-M85: Disorders of bone density and structure,M80-M85,M80-M85: Disorders of bone density and structure,M80-M94,M80-M94: Osteopathies and chondropathies,13,XIII,XIII: Diseases of the musculoskeletal system and connective tissue,Default,ICD10 5th Edition,Live,2016-04-01 00:00:00,
M8042,2,M8042,M8042: Drug-induced osteoporosis with pathological fracture: Upper arm,M80-M85,M80-M85: Disorders of bone density and structure,M80-M85,M80-M85: Disorders of bone density and structure,M80-M94,M80-M94: Osteopathies and chondropathies,13,XIII,XIII: Diseases of the musculoskeletal system and connective tissue,Default,ICD10 5th Edition,Live,2016-04-01 00:00:00,
M8043,1,M8043,M8043: Drug-induced osteoporosis with pathological fracture: Forearm,M80-M85,M80-M85: Disorders of bone density and structure,M80-M85,M80-M85: Disorders of bone density and structure,M80-M94,M80-M94: Osteopathies and chondropathies,13,XIII,XIII: Diseases of the musculoskeletal system and connective tissue,Default,ICD10 5th Edition,Live,2016-04-01 00:00:00,
M8045,108,M8045,M8045: Drug-induced osteoporosis with pathological fracture: Pelvic region and thigh,M80-M85,M80-M85: Disorders of bone density and structure,M80-M85,M80-M85: Disorders of bone density and structure,M80-M94,M80-M94: Osteopathies and chondropathies,13,XIII,XIII: Diseases of the musculoskeletal system and connective tissue,Default,ICD10 5th Edition,Live,2016-04-01 00:00:00,
S720,4728,S720,S720: Fracture of neck of femur,S70-S79,S70-S79: Injuries to the hip and thigh,S70-S79,S70-S79: Injuries to the hip and thigh,S70-S79,S70-S79: Injuries to the hip and thigh,19,XIX,"XIX: Injury, poisoning and certain other consequences of external causes",Default,ICD10 5th Edition,Live,2016-04-01 00:00:00,
S7200,260706,S7200,S7200: Fracture of neck of femur: closed,S70-S79,S70-S79: Injuries to the hip and thigh,S70-S79,S70-S79: Injuries to the hip and thigh,S70-S79,S70-S79: Injuries to the hip and thigh,19,XIX,"XIX: Injury, poisoning and certain other consequences of external causes",Default,ICD10 5th Edition,Live,2016-04-01 00:00:00,
S7201,259,S7201,S7201: Fracture of neck of femur: open,S70-S79,S70-S79: Injuries to the hip and thigh,S70-S79,S70-S79: Injuries to the hip and thigh,S70-S79,S70-S79: Injuries to the hip and thigh,19,XIX,"XIX: Injury, poisoning and certain other consequences of external causes",Default,ICD10 5th Edition,Live,2016-04-01 00:00:00,
S721,1885,S721,S721: Pertrochanteric fracture,S70-S79,S70-S79: Injuries to the hip and thigh,S70-S79,S70-S79: Injuries to the hip and thigh,S70-S79,S70-S79: Injuries to the hip and thigh,19,XIX,"XIX: Injury, poisoning and certain other consequences of external causes",Default,ICD10 5th Edition,Live,2016-04-01 00:00:00,
S7210,116001,S7210,S7210: Pertrochanteric fracture: closed,S70-S79,S70-S79: Injuries to the hip and thigh,S70-S79,S70-S79: Injuries to the hip and thigh,S70-S79,S70-S79: Injuries to the hip and thigh,19,XIX,"XIX: Injury, poisoning and certain other consequences of external causes",Default,ICD10 5th Edition,Live,2016-04-01 00:00:00,
S7211,122,S7211,S7211: Pertrochanteric fracture: open,S70-S79,S70-S79: Injuries to the hip and thigh,S70-S79,S70-S79: Injuries to the hip and thigh,S70-S79,S70-S79: Injuries to the hip and thigh,19,XIX,"XIX: Injury, poisoning and certain other consequences of external causes",Default,ICD10 5th Edition,Live,2016-04-01 00:00:00,
S722,239,S722,S722: Subtrochanteric fracture,S70-S79,S70-S79: Injuries to the hip and thigh,S70-S79,S70-S79: Injuries to the hip and thigh,S70-S79,S70-S79: Injuries to the hip and thigh,19,XIX,"XIX: Injury, poisoning and certain other consequences of external causes",Default,ICD10 5th Edition,Live,2016-04-01 00:00:00,
S7220,14872,S7220,S7220: Subtrochanteric fracture: closed,S70-S79,S70-S79: Injuries to the hip and thigh,S70-S79,S70-S79: Injuries to the hip and thigh,S70-S79,S70-S79: Injuries to the hip and thigh,19,XIX,"XIX: Injury, poisoning and certain other consequences of external causes",Default,ICD10 5th Edition,Live,2016-04-01 00:00:00,
S7221,32,S7221,S7221: Subtrochanteric fracture: open,S70-S79,S70-S79: Injuries to the hip and thigh,S70-S79,S70-S79: Injuries to the hip and thigh,S70-S79,S70-S79: Injuries to the hip and thigh,19,XIX,"XIX: Injury, poisoning and certain other consequences of external causes",Default,ICD10 5th Edition,Live,2016-04-01 00:00:00,
S723,121,S723,S723: Fracture of shaft of femur,S70-S79,S70-S79: Injuries to the hip and thigh,S70-S79,S70-S79: Injuries to the hip and thigh,S70-S79,S70-S79: Injuries to the hip and thigh,19,XIX,"XIX: Injury, poisoning and certain other consequences of external causes",Default,ICD10 5th Edition,Live,2016-04-01 00:00:00,
S7230,6476,S7230,S7230: Fracture of shaft of femur: closed,S70-S79,S70-S79: Injuries to the hip and thigh,S70-S79,S70-S79: Injuries to the hip and thigh,S70-S79,S70-S79: Injuries to the hip and thigh,19,XIX,"XIX: Injury, poisoning and certain other consequences of external causes",Default,ICD10 5th Edition,Live,2016-04-01 00:00:00,
M8092,168,M8092,M8092: Unspecified osteoporosis with pathological fracture: Upper arm,M80-M85,M80-M85: Disorders of bone density and structure,M80-M85,M80-M85: Disorders of bone density and structure,M80-M94,M80-M94: Osteopathies and chondropathies,13,XIII,XIII: Diseases of the musculoskeletal system and connective tissue,Default,ICD10 5th Edition,Live,2016-04-01 00:00:00,
M8093,153,M8093,M8093: Unspecified osteoporosis with pathological fracture: Forearm,M80-M85,M80-M85: Disorders of bone density and structure,M80-M85,M80-M85: Disorders of bone density and structure,M80-M94,M80-M94: Osteopathies and chondropathies,13,XIII,XIII: Diseases of the musculoskeletal system and connective tissue,Default,ICD10 5th Edition,Live,2016-04-01 00:00:00,
M8094,19,M8094,M8094: Unspecified osteoporosis with pathological fracture: Hand,M80-M85,M80-M85: Disorders of bone density and structure,M80-M85,M80-M85: Disorders of bone density and structure,M80-M94,M80-M94: Osteopathies and chondropathies,13,XIII,XIII: Diseases of the musculoskeletal system and connective tissue,Default,ICD10 5th Edition,Live,2016-04-01 00:00:00,
M8095,4146,M8095,M8095: Unspecified osteoporosis with pathological fracture: Pelvic region and thigh,M80-M85,M80-M85: Disorders of bone density and structure,M80-M85,M80-M85: Disorders of bone density and structure,M80-M94,M80-M94: Osteopathies and chondropathies,13,XIII,XIII: Diseases of the musculoskeletal system and connective tissue,Default,ICD10 5th Edition,Live,2016-04-01 00:00:00,
M8096,214,M8096,M8096: Unspecified osteoporosis with pathological fracture: Lower leg,M80-M85,M80-M85: Disorders of bone density and structure,M80-M85,M80-M85: Disorders of bone density and structure,M80-M94,M80-M94: Osteopathies and chondropathies,13,XIII,XIII: Diseases of the musculoskeletal system and connective tissue,Default,ICD10 5th Edition,Live,2016-04-01 00:00:00,
M8097,131,M8097,M8097: Unspecified osteoporosis with pathological fracture: Ankle and foot,M80-M85,M80-M85: Disorders of bone density and structure,M80-M85,M80-M85: Disorders of bone density and structure,M80-M94,M80-M94: Osteopathies and chondropathies,13,XIII,XIII: Diseases of the musculoskeletal system and connective tissue,Default,ICD10 5th Edition,Live,2016-04-01 00:00:00,
M8098,15912,M8098,M8098: Unspecified osteoporosis with pathological fracture: Other,M80-M85,M80-M85: Disorders of bone density and structure,M80-M85,M80-M85: Disorders of bone density and structure,M80-M94,M80-M94: Osteopathies and chondropathies,13,XIII,XIII: Diseases of the musculoskeletal system and connective tissue,Default,ICD10 5th Edition,Live,2016-04-01 00:00:00,
M8099,41,M8099,M8099: Unspecified osteoporosis with pathological fracture: Site unspecified,M80-M85,M80-M85: Disorders of bone density and structure,M80-M85,M80-M85: Disorders of bone density and structure,M80-M94,M80-M94: Osteopathies and chondropathies,13,XIII,XIII: Diseases of the musculoskeletal system and connective tissue,Default,ICD10 5th Edition,Live,2016-04-01 00:00:00,
R296,375560,R296,"R296: Tendency to fall, not elsewhere classified",R25-R29,R25-R29: Symptoms and signs involving the nervous and musculoskeletal systems,R25-R29,R25-R29: Symptoms and signs involving the nervous and musculoskeletal systems,R25-R29,R25-R29: Symptoms and signs involving the nervous and musculoskeletal systems,18,XVIII,"XVIII: Symptoms, signs and abnormal clinical and laboratory findings, not elsewhere classified",Default,ICD10 5th Edition,Live,2016-04-01 00:00:00,
T08X,1,T08X,"T08X: Fracture of spine, level unspecified",T08-T14,"T08-T14: Injuries to unspecified part of trunk, limb or body region",T08-T14,"T08-T14: Injuries to unspecified part of trunk, limb or body region",T08-T14,"T08-T14: Injuries to unspecified part of trunk, limb or body region",19,XIX,"XIX: Injury, poisoning and certain other consequences of external causes",Default,ICD10 5th Edition,Live,2016-04-01 00:00:00,
S3210,6323,S3210,S3210: Fracture of sacrum: closed,S30-S39,"S30-S39: Injuries to the abdomen, lower back, lumbar spine and pelvis",S30-S39,"S30-S39: Injuries to the abdomen, lower back, lumbar spine and pelvis",S30-S39,"S30-S39: Injuries to the abdomen, lower back, lumbar spine and pelvis",19,XIX,"XIX: Injury, poisoning and certain other consequences of external causes",Default,ICD10 5th Edition,Live,2016-04-01 00:00:00,
S3211,7,S3211,S3211: Fracture of sacrum: open,S30-S39,"S30-S39: Injuries to the abdomen, lower back, lumbar spine and pelvis",S30-S39,"S30-S39: Injuries to the abdomen, lower back, lumbar spine and pelvis",S30-S39,"S30-S39: Injuries to the abdomen, lower back, lumbar spine and pelvis",19,XIX,"XIX: Injury, poisoning and certain other consequences of external causes",Default,ICD10 5th Edition,Live,2016-04-01 00:00:00,
S320,529,S320,S320: Fracture of lumbar vertebra,S30-S39,"S30-S39: Injuries to the abdomen, lower back, lumbar spine and pelvis",S30-S39,"S30-S39: Injuries to the abdomen, lower back, lumbar spine and pelvis",S30-S39,"S30-S39: Injuries to the abdomen, lower back, lumbar spine and pelvis",19,XIX,"XIX: Injury, poisoning and certain other consequences of external causes",Default,ICD10 5th Edition,Live,2016-04-01 00:00:00,
S3200,25608,S3200,S3200: Fracture of lumbar vertebra: closed,S30-S39,"S30-S39: Injuries to the abdomen, lower back, lumbar spine and pelvis",S30-S39,"S30-S39: Injuries to the abdomen, lower back, lumbar spine and pelvis",S30-S39,"S30-S39: Injuries to the abdomen, lower back, lumbar spine and pelvis",19,XIX,"XIX: Injury, poisoning and certain other consequences of external causes",Default,ICD10 5th Edition,Live,2016-04-01 00:00:00,
S3201,17,S3201,S3201: Fracture of lumbar vertebra: open,S30-S39,"S30-S39: Injuries to the abdomen, lower back, lumbar spine and pelvis",S30-S39,"S30-S39: Injuries to the abdomen, lower back, lumbar spine and pelvis",S30-S39,"S30-S39: Injuries to the abdomen, lower back, lumbar spine and pelvis",19,XIX,"XIX: Injury, poisoning and certain other consequences of external causes",Default,ICD10 5th Edition,Live,2016-04-01 00:00:00,
S321,115,S321,S321: Fracture of sacrum,S30-S39,"S30-S39: Injuries to the abdomen, lower back, lumbar spine and pelvis",S30-S39,"S30-S39: Injuries to the abdomen, lower back, lumbar spine and pelvis",S30-S39,"S30-S39: Injuries to the abdomen, lower back, lumbar spine and pelvis",19,XIX,"XIX: Injury, poisoning and certain other consequences of external causes",Default,ICD10 5th Edition,Live,2016-04-01 00:00:00,
S322,2,S322,S322: Fracture of coccyx,S30-S39,"S30-S39: Injuries to the abdomen, lower back, lumbar spine and pelvis",S30-S39,"S30-S39: Injuries to the abdomen, lower back, lumbar spine and pelvis",S30-S39,"S30-S39: Injuries to the abdomen, lower back, lumbar spine and pelvis",19,XIX,"XIX: Injury, poisoning and certain other consequences of external causes",Default,ICD10 5th Edition,Live,2016-04-01 00:00:00,
S3220,205,S3220,S3220: Fracture of coccyx: closed,S30-S39,"S30-S39: Injuries to the abdomen, lower back, lumbar spine and pelvis",S30-S39,"S30-S39: Injuries to the abdomen, lower back, lumbar spine and pelvis",S30-S39,"S30-S39: Injuries to the abdomen, lower back, lumbar spine and pelvis",19,XIX,"XIX: Injury, poisoning and certain other consequences of external causes",Default,ICD10 5th Edition,Live,2016-04-01 00:00:00,
S3221,1,S3221,S3221: Fracture of coccyx: open,S30-S39,"S30-S39: Injuries to the abdomen, lower back, lumbar spine and pelvis",S30-S39,"S30-S39: Injuries to the abdomen, lower back, lumbar spine and pelvis",S30-S39,"S30-S39: Injuries to the abdomen, lower back, lumbar spine and pelvis",19,XIX,"XIX: Injury, poisoning and certain other consequences of external causes",Default,ICD10 5th Edition,Live,2016-04-01 00:00:00,
S323,39,S323,S323: Fracture of ilium,S30-S39,"S30-S39: Injuries to the abdomen, lower back, lumbar spine and pelvis",S30-S39,"S30-S39: Injuries to the abdomen, lower back, lumbar spine and pelvis",S30-S39,"S30-S39: Injuries to the abdomen, lower back, lumbar spine and pelvis",19,XIX,"XIX: Injury, poisoning and certain other consequences of external causes",Default,ICD10 5th Edition,Live,2016-04-01 00:00:00,
S3230,2601,S3230,S3230: Fracture of ilium: closed,S30-S39,"S30-S39: Injuries to the abdomen, lower back, lumbar spine and pelvis",S30-S39,"S30-S39: Injuries to the abdomen, lower back, lumbar spine and pelvis",S30-S39,"S30-S39: Injuries to the abdomen, lower back, lumbar spine and pelvis",19,XIX,"XIX: Injury, poisoning and certain other consequences of external causes",Default,ICD10 5th Edition,Live,2016-04-01 00:00:00,
S3231,24,S3231,S3231: Fracture of ilium: open,S30-S39,"S30-S39: Injuries to the abdomen, lower back, lumbar spine and pelvis",S30-S39,"S30-S39: Injuries to the abdomen, lower back, lumbar spine and pelvis",S30-S39,"S30-S39: Injuries to the abdomen, lower back, lumbar spine and pelvis",19,XIX,"XIX: Injury, poisoning and certain other consequences of external causes",Default,ICD10 5th Edition,Live,2016-04-01 00:00:00,
S324,200,S324,S324: Fracture of acetabulum,S30-S39,"S30-S39: Injuries to the abdomen, lower back, lumbar spine and pelvis",S30-S39,"S30-S39: Injuries to the abdomen, lower back, lumbar spine and pelvis",S30-S39,"S30-S39: Injuries to the abdomen, lower back, lumbar spine and pelvis",19,XIX,"XIX: Injury, poisoning and certain other consequences of external causes",Default,ICD10 5th Edition,Live,2016-04-01 00:00:00,
S3240,11866,S3240,S3240: Fracture of acetabulum: closed,S30-S39,"S30-S39: Injuries to the abdomen, lower back, lumbar spine and pelvis",S30-S39,"S30-S39: Injuries to the abdomen, lower back, lumbar spine and pelvis",S30-S39,"S30-S39: Injuries to the abdomen, lower back, lumbar spine and pelvis",19,XIX,"XIX: Injury, poisoning and certain other consequences of external causes",Default,ICD10 5th Edition,Live,2016-04-01 00:00:00,
S3241,13,S3241,S3241: Fracture of acetabulum: open,S30-S39,"S30-S39: Injuries to the abdomen, lower back, lumbar spine and pelvis",S30-S39,"S30-S39: Injuries to the abdomen, lower back, lumbar spine and pelvis",S30-S39,"S30-S39: Injuries to the abdomen, lower back, lumbar spine and pelvis",19,XIX,"XIX: Injury, poisoning and certain other consequences of external causes",Default,ICD10 5th Edition,Live,2016-04-01 00:00:00,
S327,96,S327,S327: Multiple fractures of lumbar spine and pelvis,S30-S39,"S30-S39: Injuries to the abdomen, lower back, lumbar spine and pelvis",S30-S39,"S30-S39: Injuries to the abdomen, lower back, lumbar spine and pelvis",S30-S39,"S30-S39: Injuries to the abdomen, lower back, lumbar spine and pelvis",19,XIX,"XIX: Injury, poisoning and certain other consequences of external causes",Default,ICD10 5th Edition,Live,2016-04-01 00:00:00,
S3270,4764,S3270,S3270: Multiple fractures of lumbar spine and pelvis: closed,S30-S39,"S30-S39: Injuries to the abdomen, lower back, lumbar spine and pelvis",S30-S39,"S30-S39: Injuries to the abdomen, lower back, lumbar spine and pelvis",S30-S39,"S30-S39: Injuries to the abdomen, lower back, lumbar spine and pelvis",19,XIX,"XIX: Injury, poisoning and certain other consequences of external causes",Default,ICD10 5th Edition,Live,2016-04-01 00:00:00,
S3271,3,S3271,S3271: Multiple fractures of lumbar spine and pelvis: open,S30-S39,"S30-S39: Injuries to the abdomen, lower back, lumbar spine and pelvis",S30-S39,"S30-S39: Injuries to the abdomen, lower back, lumbar spine and pelvis",S30-S39,"S30-S39: Injuries to the abdomen, lower back, lumbar spine and pelvis",19,XIX,"XIX: Injury, poisoning and certain other consequences of external causes",Default,ICD10 5th Edition,Live,2016-04-01 00:00:00,
M800,5,M800,M800: Postmenopausal osteoporosis with pathological fracture,M80-M85,M80-M85: Disorders of bone density and structure,M80-M85,M80-M85: Disorders of bone density and structure,M80-M94,M80-M94: Osteopathies and chondropathies,13,XIII,XIII: Diseases of the musculoskeletal system and connective tissue,Default,ICD10 5th Edition,Live,2016-04-01 00:00:00,
M8000,12,M8000,M8000: Postmenopausal osteoporosis with pathological fracture: Multiple sites,M80-M85,M80-M85: Disorders of bone density and structure,M80-M85,M80-M85: Disorders of bone density and structure,M80-M94,M80-M94: Osteopathies and chondropathies,13,XIII,XIII: Diseases of the musculoskeletal system and connective tissue,Default,ICD10 5th Edition,Live,2016-04-01 00:00:00,
M8002,2,M8002,M8002: Postmenopausal osteoporosis with pathological fracture: Upper arm,M80-M85,M80-M85: Disorders of bone density and structure,M80-M85,M80-M85: Disorders of bone density and structure,M80-M94,M80-M94: Osteopathies and chondropathies,13,XIII,XIII: Diseases of the musculoskeletal system and connective tissue,Default,ICD10 5th Edition,Live,2016-04-01 00:00:00,
M8003,1,M8003,M8003: Postmenopausal osteoporosis with pathological fracture: Forearm,M80-M85,M80-M85: Disorders of bone density and structure,M80-M85,M80-M85: Disorders of bone density and structure,M80-M94,M80-M94: Osteopathies and chondropathies,13,XIII,XIII: Diseases of the musculoskeletal system and connective tissue,Default,ICD10 5th Edition,Live,2016-04-01 00:00:00,
M8005,11,M8005,M8005: Postmenopausal osteoporosis with pathological fracture: Pelvic region and thigh,M80-M85,M80-M85: Disorders of bone density and structure,M80-M85,M80-M85: Disorders of bone density and structure,M80-M94,M80-M94: Osteopathies and chondropathies,13,XIII,XIII: Diseases of the musculoskeletal system and connective tissue,Default,ICD10 5th Edition,Live,2016-04-01 00:00:00,
M8007,1,M8007,M8007: Postmenopausal osteoporosis with pathological fracture: Ankle and foot,M80-M85,M80-M85: Disorders of bone density and structure,M80-M85,M80-M85: Disorders of bone density and structure,M80-M94,M80-M94: Osteopathies and chondropathies,13,XIII,XIII: Diseases of the musculoskeletal system and connective tissue,Default,ICD10 5th Edition,Live,2016-04-01 00:00:00,
M8008,90,M8008,M8008: Postmenopausal osteoporosis with pathological fracture: Other,M80-M85,M80-M85: Disorders of bone density and structure,M80-M85,M80-M85: Disorders of bone density and structure,M80-M94,M80-M94: Osteopathies and chondropathies,13,XIII,XIII: Diseases of the musculoskeletal system and connective tissue,Default,ICD10 5th Edition,Live,2016-04-01 00:00:00,
M8009,2,M8009,M8009: Postmenopausal osteoporosis with pathological fracture: Site unspecified,M80-M85,M80-M85: Disorders of bone density and structure,M80-M85,M80-M85: Disorders of bone density and structure,M80-M94,M80-M94: Osteopathies and chondropathies,13,XIII,XIII: Diseases of the musculoskeletal system and connective tissue,Default,ICD10 5th Edition,Live,2016-04-01 00:00:00,
W060,2,W060,W060: Fall involving bed: Home,W00-W19,W00-W19: Falls,W00-X59,W00-X59: Other external causes of accidental injury,V01-X59,V01-X59: Accidents,20,XX,XX: External causes of morbidity and mortality,Default,ICD10 5th Edition,Live,2016-04-01 00:00:00,
W062,1,W062,"W062: Fall involving bed: School, other institution and public administrative area",W00-W19,W00-W19: Falls,W00-X59,W00-X59: Other external causes of accidental injury,V01-X59,V01-X59: Accidents,20,XX,XX: External causes of morbidity and mortality,Default,ICD10 5th Edition,Live,2016-04-01 00:00:00,
W070,1,W070,W070: Fall involving chair: Home,W00-W19,W00-W19: Falls,W00-X59,W00-X59: Other external causes of accidental injury,V01-X59,V01-X59: Accidents,20,XX,XX: External causes of morbidity and mortality,Default,ICD10 5th Edition,Live,2016-04-01 00:00:00,
W071,1,W071,W071: Fall involving chair: Residential institution,W00-W19,W00-W19: Falls,W00-X59,W00-X59: Other external causes of accidental injury,V01-X59,V01-X59: Accidents,20,XX,XX: External causes of morbidity and mortality,Default,ICD10 5th Edition,Live,2016-04-01 00:00:00,
M8046,1,M8046,M8046: Drug-induced osteoporosis with pathological fracture: Lower leg,M80-M85,M80-M85: Disorders of bone density and structure,M80-M85,M80-M85: Disorders of bone density and structure,M80-M94,M80-M94: Osteopathies and chondropathies,13,XIII,XIII: Diseases of the musculoskeletal system and connective tissue,Default,ICD10 5th Edition,Live,2016-04-01 00:00:00,
M8048,120,M8048,M8048: Drug-induced osteoporosis with pathological fracture: Other,M80-M85,M80-M85: Disorders of bone density and structure,M80-M85,M80-M85: Disorders of bone density and structure,M80-M94,M80-M94: Osteopathies and chondropathies,13,XIII,XIII: Diseases of the musculoskeletal system and connective tissue,Default,ICD10 5th Edition,Live,2016-04-01 00:00:00,
M8050,1,M8050,M8050: Idiopathic osteoporosis with pathological fracture: Multiple sites,M80-M85,M80-M85: Disorders of bone density and structure,M80-M85,M80-M85: Disorders of bone density and structure,M80-M94,M80-M94: Osteopathies and chondropathies,13,XIII,XIII: Diseases of the musculoskeletal system and connective tissue,Default,ICD10 5th Edition,Live,2016-04-01 00:00:00,
S5291,1,S5291,"S5291: Fracture of forearm, part unspecified: open",S50-S59,S50-S59: Injuries to the elbow and forearm,S50-S59,S50-S59: Injuries to the elbow and forearm,S50-S59,S50-S59: Injuries to the elbow and forearm,19,XIX,"XIX: Injury, poisoning and certain other consequences of external causes",Default,ICD10 5th Edition,Live,2016-04-01 00:00:00,
M484,31,M484,M484: Fatigue fracture of vertebra,M45-M49,M45-M49: Spondylopathies,M45-M49,M45-M49: Spondylopathies,M40-M54,M40-M54: Dorsopathies,13,XIII,XIII: Diseases of the musculoskeletal system and connective tissue,Default,ICD10 5th Edition,Live,2016-04-01 00:00:00,
M4840,181,M4840,M4840: Fatigue fracture of vertebra: Multiple sites in spine,M45-M49,M45-M49: Spondylopathies,M45-M49,M45-M49: Spondylopathies,M40-M54,M40-M54: Dorsopathies,13,XIII,XIII: Diseases of the musculoskeletal system and connective tissue,Default,ICD10 5th Edition,Live,2016-04-01 00:00:00,
M4841,1,M4841,M4841: Fatigue fracture of vertebra: Occipito-atlanto-axial region,M45-M49,M45-M49: Spondylopathies,M45-M49,M45-M49: Spondylopathies,M40-M54,M40-M54: Dorsopathies,13,XIII,XIII: Diseases of the musculoskeletal system and connective tissue,Default,ICD10 5th Edition,Live,2016-04-01 00:00:00,
M4842,11,M4842,M4842: Fatigue fracture of vertebra: Cervical region,M45-M49,M45-M49: Spondylopathies,M45-M49,M45-M49: Spondylopathies,M40-M54,M40-M54: Dorsopathies,13,XIII,XIII: Diseases of the musculoskeletal system and connective tissue,Default,ICD10 5th Edition,Live,2016-04-01 00:00:00,
M4843,1,M4843,M4843: Fatigue fracture of vertebra: Cervicothoracic region,M45-M49,M45-M49: Spondylopathies,M45-M49,M45-M49: Spondylopathies,M40-M54,M40-M54: Dorsopathies,13,XIII,XIII: Diseases of the musculoskeletal system and connective tissue,Default,ICD10 5th Edition,Live,2016-04-01 00:00:00,
M4844,313,M4844,M4844: Fatigue fracture of vertebra: Thoracic region,M45-M49,M45-M49: Spondylopathies,M45-M49,M45-M49: Spondylopathies,M40-M54,M40-M54: Dorsopathies,13,XIII,XIII: Diseases of the musculoskeletal system and connective tissue,Default,ICD10 5th Edition,Live,2016-04-01 00:00:00,
M4845,92,M4845,M4845: Fatigue fracture of vertebra: Thoracolumbar region,M45-M49,M45-M49: Spondylopathies,M45-M49,M45-M49: Spondylopathies,M40-M54,M40-M54: Dorsopathies,13,XIII,XIII: Diseases of the musculoskeletal system and connective tissue,Default,ICD10 5th Edition,Live,2016-04-01 00:00:00,
M4846,473,M4846,M4846: Fatigue fracture of vertebra: Lumbar region,M45-M49,M45-M49: Spondylopathies,M45-M49,M45-M49: Spondylopathies,M40-M54,M40-M54: Dorsopathies,13,XIII,XIII: Diseases of the musculoskeletal system and connective tissue,Default,ICD10 5th Edition,Live,2016-04-01 00:00:00,
M4847,43,M4847,M4847: Fatigue fracture of vertebra: Lumbosacral region,M45-M49,M45-M49: Spondylopathies,M45-M49,M45-M49: Spondylopathies,M40-M54,M40-M54: Dorsopathies,13,XIII,XIII: Diseases of the musculoskeletal system and connective tissue,Default,ICD10 5th Edition,Live,2016-04-01 00:00:00,
M4848,562,M4848,M4848: Fatigue fracture of vertebra: Sacral and sacrococcygeal region,M45-M49,M45-M49: Spondylopathies,M45-M49,M45-M49: Spondylopathies,M40-M54,M40-M54: Dorsopathies,13,XIII,XIII: Diseases of the musculoskeletal system and connective tissue,Default,ICD10 5th Edition,Live,2016-04-01 00:00:00,
M4849,2,M4849,M4849: Fatigue fracture of vertebra: Site unspecified,M45-M49,M45-M49: Spondylopathies,M45-M49,M45-M49: Spondylopathies,M40-M54,M40-M54: Dorsopathies,13,XIII,XIII: Diseases of the musculoskeletal system and connective tissue,Default,ICD10 5th Edition,Live,2016-04-01 00:00:00,
M485,297,M485,"M485: Collapsed vertebra, not elsewhere classified",M45-M49,M45-M49: Spondylopathies,M45-M49,M45-M49: Spondylopathies,M40-M54,M40-M54: Dorsopathies,13,XIII,XIII: Diseases of the musculoskeletal system and connective tissue,Default,ICD10 5th Edition,Live,2016-04-01 00:00:00,
M4850,1119,M4850,"M4850: Collapsed vertebra, not elsewhere classified: Multiple sites in spine",M45-M49,M45-M49: Spondylopathies,M45-M49,M45-M49: Spondylopathies,M40-M54,M40-M54: Dorsopathies,13,XIII,XIII: Diseases of the musculoskeletal system and connective tissue,Default,ICD10 5th Edition,Live,2016-04-01 00:00:00,
M4851,3,M4851,"M4851: Collapsed vertebra, not elsewhere classified: Occipito-atlanto-axial region",M45-M49,M45-M49: Spondylopathies,M45-M49,M45-M49: Spondylopathies,M40-M54,M40-M54: Dorsopathies,13,XIII,XIII: Diseases of the musculoskeletal system and connective tissue,Default,ICD10 5th Edition,Live,2016-04-01 00:00:00,
M8015,1,M8015,M8015: Postoophorectomy osteoporosis with pathological fracture: Pelvic region and thigh,M80-M85,M80-M85: Disorders of bone density and structure,M80-M85,M80-M85: Disorders of bone density and structure,M80-M94,M80-M94: Osteopathies and chondropathies,13,XIII,XIII: Diseases of the musculoskeletal system and connective tissue,Default,ICD10 5th Edition,Live,2016-04-01 00:00:00,
M802,5,M802,M802: Osteoporosis of disuse with pathological fracture,M80-M85,M80-M85: Disorders of bone density and structure,M80-M85,M80-M85: Disorders of bone density and structure,M80-M94,M80-M94: Osteopathies and chondropathies,13,XIII,XIII: Diseases of the musculoskeletal system and connective tissue,Default,ICD10 5th Edition,Live,2016-04-01 00:00:00,
M8020,7,M8020,M8020: Osteoporosis of disuse with pathological fracture: Multiple sites,M80-M85,M80-M85: Disorders of bone density and structure,M80-M85,M80-M85: Disorders of bone density and structure,M80-M94,M80-M94: Osteopathies and chondropathies,13,XIII,XIII: Diseases of the musculoskeletal system and connective tissue,Default,ICD10 5th Edition,Live,2016-04-01 00:00:00,
M8021,1,M8021,M8021: Osteoporosis of disuse with pathological fracture: Shoulder region,M80-M85,M80-M85: Disorders of bone density and structure,M80-M85,M80-M85: Disorders of bone density and structure,M80-M94,M80-M94: Osteopathies and chondropathies,13,XIII,XIII: Diseases of the musculoskeletal system and connective tissue,Default,ICD10 5th Edition,Live,2016-04-01 00:00:00,
S422~,2,NULL,NULL,NULL,NULL,NULL,NULL,NULL,NULL,NULL,NULL,NULL,NULL,NULL,NULL,NULL,NULL
S525~,3,NULL,NULL,NULL,NULL,NULL,NULL,NULL,NULL,NULL,NULL,NULL,NULL,NULL,NULL,NULL,NULL
W19X,25,NULL,NULL,NULL,NULL,NULL,NULL,NULL,NULL,NULL,NULL,NULL,NULL,NULL,NULL,NULL,NULL
S526~,1,NULL,NULL,NULL,NULL,NULL,NULL,NULL,NULL,NULL,NULL,NULL,NULL,NULL,NULL,NULL,NULL
S7231,129,S7231,S7231: Fracture of shaft of femur: open,S70-S79,S70-S79: Injuries to the hip and thigh,S70-S79,S70-S79: Injuries to the hip and thigh,S70-S79,S70-S79: Injuries to the hip and thigh,19,XIX,"XIX: Injury, poisoning and certain other consequences of external causes",Default,ICD10 5th Edition,Live,2016-04-01 00:00:00,
S724,219,S724,S724: Fracture of lower end of femur,S70-S79,S70-S79: Injuries to the hip and thigh,S70-S79,S70-S79: Injuries to the hip and thigh,S70-S79,S70-S79: Injuries to the hip and thigh,19,XIX,"XIX: Injury, poisoning and certain other consequences of external causes",Default,ICD10 5th Edition,Live,2016-04-01 00:00:00,
S7240,11753,S7240,S7240: Fracture of lower end of femur: closed,S70-S79,S70-S79: Injuries to the hip and thigh,S70-S79,S70-S79: Injuries to the hip and thigh,S70-S79,S70-S79: Injuries to the hip and thigh,19,XIX,"XIX: Injury, poisoning and certain other consequences of external causes",Default,ICD10 5th Edition,Live,2016-04-01 00:00:00,
S7241,259,S7241,S7241: Fracture of lower end of femur: open,S70-S79,S70-S79: Injuries to the hip and thigh,S70-S79,S70-S79: Injuries to the hip and thigh,S70-S79,S70-S79: Injuries to the hip and thigh,19,XIX,"XIX: Injury, poisoning and certain other consequences of external causes",Default,ICD10 5th Edition,Live,2016-04-01 00:00:00,
S728,10,S728,S728: Fractures of other parts of femur,S70-S79,S70-S79: Injuries to the hip and thigh,S70-S79,S70-S79: Injuries to the hip and thigh,S70-S79,S70-S79: Injuries to the hip and thigh,19,XIX,"XIX: Injury, poisoning and certain other consequences of external causes",Default,ICD10 5th Edition,Live,2016-04-01 00:00:00,
S7280,525,S7280,S7280: Fractures of other parts of femur: closed,S70-S79,S70-S79: Injuries to the hip and thigh,S70-S79,S70-S79: Injuries to the hip and thigh,S70-S79,S70-S79: Injuries to the hip and thigh,19,XIX,"XIX: Injury, poisoning and certain other consequences of external causes",Default,ICD10 5th Edition,Live,2016-04-01 00:00:00,
S7281,3,S7281,S7281: Fractures of other parts of femur: open,S70-S79,S70-S79: Injuries to the hip and thigh,S70-S79,S70-S79: Injuries to the hip and thigh,S70-S79,S70-S79: Injuries to the hip and thigh,19,XIX,"XIX: Injury, poisoning and certain other consequences of external causes",Default,ICD10 5th Edition,Live,2016-04-01 00:00:00,
S720~,1,NULL,NULL,NULL,NULL,NULL,NULL,NULL,NULL,NULL,NULL,NULL,NULL,NULL,NULL,NULL,NULL
S4240,6960,S4240,S4240: Fracture of lower end of humerus: closed,S40-S49,S40-S49: Injuries to the shoulder and upper arm,S40-S49,S40-S49: Injuries to the shoulder and upper arm,S40-S49,S40-S49: Injuries to the shoulder and upper arm,19,XIX,"XIX: Injury, poisoning and certain other consequences of external causes",Default,ICD10 5th Edition,Live,2016-04-01 00:00:00,
S4241,542,S4241,S4241: Fracture of lower end of humerus: open,S40-S49,S40-S49: Injuries to the shoulder and upper arm,S40-S49,S40-S49: Injuries to the shoulder and upper arm,S40-S49,S40-S49: Injuries to the shoulder and upper arm,19,XIX,"XIX: Injury, poisoning and certain other consequences of external causes",Default,ICD10 5th Edition,Live,2016-04-01 00:00:00,
T08X0,9,T08X0,"T08X0: Fracture of spine, level unspecified: closed",T08-T14,"T08-T14: Injuries to unspecified part of trunk, limb or body region",T08-T14,"T08-T14: Injuries to unspecified part of trunk, limb or body region",T08-T14,"T08-T14: Injuries to unspecified part of trunk, limb or body region",19,XIX,"XIX: Injury, poisoning and certain other consequences of external causes",Default,ICD10 5th Edition,Live,2016-04-01 00:00:00,
S620,21,S620,S620: Fracture of navicular [scaphoid] bone of hand,S60-S69,S60-S69: Injuries to the wrist and hand,S60-S69,S60-S69: Injuries to the wrist and hand,S60-S69,S60-S69: Injuries to the wrist and hand,19,XIX,"XIX: Injury, poisoning and certain other consequences of external causes",Default,ICD10 5th Edition,Live,2016-04-01 00:00:00,
S6200,940,S6200,S6200: Fracture of navicular [scaphoid] bone of hand: closed,S60-S69,S60-S69: Injuries to the wrist and hand,S60-S69,S60-S69: Injuries to the wrist and hand,S60-S69,S60-S69: Injuries to the wrist and hand,19,XIX,"XIX: Injury, poisoning and certain other consequences of external causes",Default,ICD10 5th Edition,Live,2016-04-01 00:00:00,
S6201,8,S6201,S6201: Fracture of navicular [scaphoid] bone of hand: open,S60-S69,S60-S69: Injuries to the wrist and hand,S60-S69,S60-S69: Injuries to the wrist and hand,S60-S69,S60-S69: Injuries to the wrist and hand,19,XIX,"XIX: Injury, poisoning and certain other consequences of external causes",Default,ICD10 5th Edition,Live,2016-04-01 00:00:00,
W17X,1,NULL,NULL,NULL,NULL,NULL,NULL,NULL,NULL,NULL,NULL,NULL,NULL,NULL,NULL,NULL,NULL
M4852,66,M4852,"M4852: Collapsed vertebra, not elsewhere classified: Cervical region",M45-M49,M45-M49: Spondylopathies,M45-M49,M45-M49: Spondylopathies,M40-M54,M40-M54: Dorsopathies,13,XIII,XIII: Diseases of the musculoskeletal system and connective tissue,Default,ICD10 5th Edition,Live,2016-04-01 00:00:00,
M4853,18,M4853,"M4853: Collapsed vertebra, not elsewhere classified: Cervicothoracic region",M45-M49,M45-M49: Spondylopathies,M45-M49,M45-M49: Spondylopathies,M40-M54,M40-M54: Dorsopathies,13,XIII,XIII: Diseases of the musculoskeletal system and connective tissue,Default,ICD10 5th Edition,Live,2016-04-01 00:00:00,
M4854,3256,M4854,"M4854: Collapsed vertebra, not elsewhere classified: Thoracic region",M45-M49,M45-M49: Spondylopathies,M45-M49,M45-M49: Spondylopathies,M40-M54,M40-M54: Dorsopathies,13,XIII,XIII: Diseases of the musculoskeletal system and connective tissue,Default,ICD10 5th Edition,Live,2016-04-01 00:00:00,
M4855,801,M4855,"M4855: Collapsed vertebra, not elsewhere classified: Thoracolumbar region",M45-M49,M45-M49: Spondylopathies,M45-M49,M45-M49: Spondylopathies,M40-M54,M40-M54: Dorsopathies,13,XIII,XIII: Diseases of the musculoskeletal system and connective tissue,Default,ICD10 5th Edition,Live,2016-04-01 00:00:00,
M4856,3329,M4856,"M4856: Collapsed vertebra, not elsewhere classified: Lumbar region",M45-M49,M45-M49: Spondylopathies,M45-M49,M45-M49: Spondylopathies,M40-M54,M40-M54: Dorsopathies,13,XIII,XIII: Diseases of the musculoskeletal system and connective tissue,Default,ICD10 5th Edition,Live,2016-04-01 00:00:00,
M4857,60,M4857,"M4857: Collapsed vertebra, not elsewhere classified: Lumbosacral region",M45-M49,M45-M49: Spondylopathies,M45-M49,M45-M49: Spondylopathies,M40-M54,M40-M54: Dorsopathies,13,XIII,XIII: Diseases of the musculoskeletal system and connective tissue,Default,ICD10 5th Edition,Live,2016-04-01 00:00:00,
M4858,75,M4858,"M4858: Collapsed vertebra, not elsewhere classified: Sacral and sacrococcygeal region",M45-M49,M45-M49: Spondylopathies,M45-M49,M45-M49: Spondylopathies,M40-M54,M40-M54: Dorsopathies,13,XIII,XIII: Diseases of the musculoskeletal system and connective tissue,Default,ICD10 5th Edition,Live,2016-04-01 00:00:00,
M4859,13,M4859,"M4859: Collapsed vertebra, not elsewhere classified: Site unspecified",M45-M49,M45-M49: Spondylopathies,M45-M49,M45-M49: Spondylopathies,M40-M54,M40-M54: Dorsopathies,13,XIII,XIII: Diseases of the musculoskeletal system and connective tissue,Default,ICD10 5th Edition,Live,2016-04-01 00:00:00,
W18X,1,NULL,NULL,NULL,NULL,NULL,NULL,NULL,NULL,NULL,NULL,NULL,NULL,NULL,NULL,NULL,NULL
W010,5,W010,"W010: Fall on same level from slipping, tripping and stumbling: Home",W00-W19,W00-W19: Falls,W00-X59,W00-X59: Other external causes of accidental injury,V01-X59,V01-X59: Accidents,20,XX,XX: External causes of morbidity and mortality,Default,ICD10 5th Edition,Live,2016-04-01 00:00:00,
W011,1,W011,"W011: Fall on same level from slipping, tripping and stumbling: Residential institution",W00-W19,W00-W19: Falls,W00-X59,W00-X59: Other external causes of accidental injury,V01-X59,V01-X59: Accidents,20,XX,XX: External causes of morbidity and mortality,Default,ICD10 5th Edition,Live,2016-04-01 00:00:00,
W019,2,W019,"W019: Fall on same level from slipping, tripping and stumbling: Unspecified place",W00-W19,W00-W19: Falls,W00-X59,W00-X59: Other external causes of accidental injury,V01-X59,V01-X59: Accidents,20,XX,XX: External causes of morbidity and mortality,Default,ICD10 5th Edition,Live,2016-04-01 00:00:00,
W05X,1,NULL,NULL,NULL,NULL,NULL,NULL,NULL,NULL,NULL,NULL,NULL,NULL,NULL,NULL,NULL,NULL
